SourceNode	TargetNode	SourceLayer	TargetLayer
--4444x--	--4444x--	2	2
椟菽荫	方脑壳邓铂鋆	2	2
椟菽荫	芙莉莲推	2	1
椟菽荫	松溪鹤年	2	1
椟菽荫	止谣君	2	1
椟菽荫	沧海CHC	2	1
椟菽荫	重庆醉了	2	2
止谣君	Jokielicious	1	2
止谣君	桃子射手射子桃	1	2
止谣君	金人性的尾巴去哪儿啦	1	1
止谣君	落危月	1	2
止谣君	小闪电爸爸	1	1
止谣君	和苏打水母神和解吧	1	1
止谣君	fg91mk0	1	1
止谣君	拉乌得得	1	2
止谣君	史诗奇幻小酒馆	1	2
止谣君	花狸不是狸花	1	2
止谣君	别跟我抢荔枝这个昵称	1	2
止谣君	H气象万千H	1	1
止谣君	香卷卷卷	1	1
止谣君	皇上本攻喂你安胎药	1	1
止谣君	三件开心事儿	1	1
止谣君	幼肉肉的性感腿毛莉莉	1	2
止谣君	蒲蒲1022	1	1
止谣君	姚哲爸爸最爱的女儿姚君兰	1	2
止谣君	歲余焉不知	1	2
止谣君	-龙翔断九天-	1	2
止谣君	我不是张小蛇	1	1
止谣君	三句话让快斗为我花十八万	1	1
止谣君	逻辑引擎	1	2
止谣君	波多野杰伊	1	1
止谣君	郭俐雪只是一个网名	1	2
止谣君	辰砂丷	1	2
止谣君	夜行惊梦	1	1
止谣君	阿怜只想摸鱼	1	1
止谣君	happy童言	1	1
止谣君	海德薇0401	1	1
止谣君	Annie445	1	1
止谣君	穿帮啦	1	1
止谣君	卧虎老老	1	2
止谣君	玉弥纳	1	1
止谣君	八十万中二教头老羊	1	2
止谣君	--钮扣--	1	1
止谣君	月际榴莲	1	1
止谣君	Kmisaki	1	1
止谣君	小林冲家的龙女仆	1	1
止谣君	米粒爱酸奶	1	2
止谣君	六虚剑魂	1	2
止谣君	大王是棵好苗子啊	1	2
止谣君	吟游诗人听不见自己的歌	1	1
止谣君	我也想不出什么名儿了	1	2
止谣君	蓝调猫咪	1	1
止谣君	宇宙时间剩余不足	1	1
止谣君	抗争抑郁的阿斯特忒里俄斯	1	1
止谣君	陈星-Oyang	1	2
止谣君	止谣君	1	1
止谣君	中医妇儿林波	1	2
止谣君	天然呆阿一_RE	1	1
止谣君	半壁_Yakoo	1	2
止谣君	La-lacklan	1	2
止谣君	老牌天下逍遥	1	2
止谣君	梦想不用工作有钱花	1	1
止谣君	cHEtifAmia	1	1
止谣君	西藏的黑狗	1	1
止谣君	丹顶咕	1	1
止谣君	Undying_Love	1	1
止谣君	追逐本心_	1	1
止谣君	我为T狂	1	1
止谣君	山高路草摇摇曳曳	1	1
止谣君	C位出道的佛系锦鲤	1	1
止谣君	立冬予三九	1	1
止谣君	毓浩一琪飞	1	2
止谣君	車弥子n	1	1
止谣君	Josugarrr	1	2
止谣君	执着的动画人	1	1
止谣君	喜懒一生推	1	1
止谣君	喵丽莎白	1	2
止谣君	你不羊老爹	1	1
止谣君	AsakageYuuka	1	1
止谣君	阆苑耕读渔樵	1	1
止谣君	Himymer	1	1
止谣君	唯有真知方有真爱	1	1
止谣君	关山飞渡2020	1	1
止谣君	沙砾珠珠	1	1
止谣君	---今天有点i橘---	1	1
止谣君	一剑南来	1	2
止谣君	Glanceses	1	1
止谣君	兔年大赚	1	1
止谣君	EveNinG夜p	1	2
止谣君	橘虞初梦温如梦_	1	1
止谣君	老史提芬周	1	1
止谣君	愚者的TARDIS	1	2
止谣君	逍遥COP	1	2
止谣君	种花家的墨墨	1	1
止谣君	你家厕所堵了	1	1
止谣君	麻辣香鍋哈哈冲浪生活	1	2
止谣君	木易王京	1	2
止谣君	莺时花树	1	1
止谣君	藿香千岛酱	1	1
止谣君	问问小许	1	1
止谣君	李伐西	1	1
止谣君	可以给我吃你的草莓吗	1	1
止谣君	醉裡看劍	1	1
止谣君	卑之无甚高论者	1	1
止谣君	四方郎中	1	2
止谣君	無饿吥作	1	1
止谣君	发出反派的笑声口桀口桀口桀	1	1
止谣君	凶刻时雨	1	2
止谣君	盐津腌咸鱼	1	1
止谣君	Mingel	1	2
止谣君	cdxj519	1	1
止谣君	幻谲	1	2
止谣君	Abvarytarss	1	1
止谣君	CQQ日常	1	1
止谣君	养生专家小王	1	1
止谣君	SC邢天	1	1
止谣君	游荡在世界的灵魂	1	1
止谣君	实事求是有那么难吗	1	1
止谣君	不准道人_	1	2
止谣君	小拾柒JOJOO	1	2
止谣君	混乱邪恶小熊猫	1	1
止谣君	花园里的甜麦圈CC	1	1
止谣君	米路灬	1	2
止谣君	宫发轫	1	1
止谣君	冰霜咖啡牛奶	1	1
止谣君	佩格帕乌拉	1	1
止谣君	NephilimLu	1	1
止谣君	霹雳球球	1	2
止谣君	月近寒松燕窥兰-运势强劲版	1	1
止谣君	喑杏	1	1
止谣君	Naomiya_随遇而安	1	2
止谣君	我意云天	1	2
止谣君	LJQ-肥仔	1	1
止谣君	圆环之手	1	1
止谣君	一只有着贝加尔湖般深邃忧郁的狗	1	2
止谣君	小脆的脆	1	1
止谣君	飞花片片落潺湲	1	2
止谣君	wGslMq	1	2
止谣君	郑椰梨	1	1
止谣君	摘一笼稀有橘子	1	2
止谣君	起什么名字好呢好呢呢	1	1
止谣君	Kyunghee	1	2
止谣君	Atomicbomb_	1	1
止谣君	墨清泽	1	1
止谣君	小鑫Monkey	1	2
止谣君	2022手工天才	1	1
止谣君	aa_ex	1	2
止谣君	shulingyun2004	1	1
止谣君	郜幻小	1	1
止谣君	青衫洗旧Lainiee	1	2
止谣君	半园半城	1	1
止谣君	吃了雪糕西瓜不甜了	1	1
止谣君	数码科技的星空	1	2
止谣君	LumiereNoire	1	2
止谣君	取之有道高飞狗	1	2
止谣君	Gent欣泽	1	1
止谣君	重庆醉了	1	2
止谣君	五界之中	1	2
止谣君	四月一日嘉嘉	1	1
止谣君	滿滿昕思De豚	1	2
止谣君	RD风轻云淡	1	2
止谣君	默默的小快乐	1	1
止谣君	严厉打击大唐宠物造假窝点	1	1
止谣君	DSerxc	1	1
止谣君	孙同学三号	1	2
止谣君	张纤也有重名啊	1	2
止谣君	不负花与血	1	2
止谣君	風中叮嚀e_e	1	1
止谣君	无聊的zy	1	1
止谣君	agg39	1	1
止谣君	流离梵花	1	1
止谣君	人形师Koji	1	2
止谣君	pgz-09	1	1
止谣君	夏怜青	1	1
止谣君	NYE翔昊	1	2
止谣君	你说起名就起名那我岂不很没面子	1	1
止谣君	_無馱無馱無馱無馱無馱_	1	2
止谣君	怪蜀黍老囧曾	1	2
止谣君	阿昱lovesVic	1	1
止谣君	W03280209Y	1	2
止谣君	DONGJAN	1	2
止谣君	大顺的玩具	1	2
止谣君	野性甜酒	1	2
止谣君	你打草我惊蛇	1	2
止谣君	眾人表妹就係我	1	1
止谣君	十一_2023	1	1
止谣君	·芝芝檬檬·	1	2
止谣君	浅糖纸鹤	1	1
止谣君	尹进是个好同学	1	2
止谣君	红a的乳首	1	1
止谣君	悠然观山水	1	2
止谣君	二氧化硅夹子残片在阴沟	1	1
止谣君	树袋熊全肯定bot	1	1
止谣君	迦若2012	1	1
止谣君	神吐槽奇葩	1	2
止谣君	MiranFroaude	1	1
止谣君	EASTERN2019	1	1
止谣君	放肆热爱猫和我	1	2
止谣君	大空空如也	1	1
止谣君	百年孤獨P	1	2
止谣君	暴强夜猫	1	2
止谣君	阿圈次竹纸	1	2
止谣君	进击的吾姐	1	1
止谣君	星河雨转千帆舞	1	1
止谣君	SIM团子	1	2
止谣君	小西瓜_1028	1	1
止谣君	牵牛花开369	1	1
止谣君	returnreal	1	1
止谣君	诸邪避退霄丸童	1	2
止谣君	混沌形态转化中	1	1
止谣君	jvia_要有好身体	1	2
止谣君	只喝水是不会饱的	1	2
止谣君	Daisy生活还是要继续	1	1
止谣君	小小板栗水中游_RX	1	2
止谣君	柳酒徒	1	1
止谣君	3生石-往大同	1	1
止谣君	起床还是睡觉	1	2
止谣君	想去旅行的大燕	1	2
止谣君	浅野遥遥遥	1	1
止谣君	和风光明	1	1
止谣君	佛山ACG达人_小宇宇ALICE	1	2
止谣君	今宵只属于雪月花	1	1
止谣君	又甜又咸鱼	1	1
止谣君	黄道带1977	1	1
止谣君	木棉竹荀	1	1
止谣君	阿阿阿阿泽呀k	1	1
止谣君	喜欢清风明月素质好的人	1	1
止谣君	松果咙咚呛咚呛	1	1
止谣君	LYK今天瘦了吗	1	1
止谣君	千古万人空一格	1	1
止谣君	阿德里赢	1	1
止谣君	Zenobruto	1	2
止谣君	苦味酸_X	1	1
止谣君	carcath-SH	1	2
止谣君	三心和碎叶	1	2
止谣君	松心为烟	1	1
止谣君	CHEETAH0909	1	1
止谣君	lonelilonely	1	1
止谣君	拾光樾霖	1	1
止谣君	一宵凄凉曲	1	1
止谣君	电动都是对的	1	2
止谣君	五路财神心尖宠	1	2
止谣君	小白sH1RO	1	1
止谣君	zhouzhoushihaoren	1	1
止谣君	花火_HANAHANA	1	2
止谣君	三年Z组lucy桑	1	2
止谣君	期待一切好起来的猫	1	2
止谣君	-Kresnik-	1	2
止谣君	居然是炸丸子	1	2
止谣君	女友一只mouton	1	2
止谣君	中医韦青林-	1	1
止谣君	咸鱼十八摸	1	1
止谣君	一脸傲娇哒问剑大人	1	2
止谣君	嘉然丸吞Suket-Key	1	2
止谣君	Vanilla爪爪	1	2
止谣君	锦绣依翠	1	1
止谣君	卖女孩的小黄人Ren_	1	2
止谣君	薄饼芥末	1	1
止谣君	盖世英雄玉椒龙	1	2
止谣君	kiligg	1	1
止谣君	职业白嫖王射长	1	1
止谣君	说走就走的潇洒	1	2
止谣君	yao173	1	1
止谣君	我在河岸等季三哥	1	2
止谣君	且待春和款款行	1	1
止谣君	早饭吃神马2099	1	1
止谣君	Fionababy62_696	1	1
止谣君	临云-Gyrfalcon	1	1
止谣君	睡觉芋泥	1	1
止谣君	天大地大_南柯一梦	1	2
止谣君	葵熙白月	1	2
止谣君	_寒流几时来	1	2
止谣君	我爱蓝山冰美式	1	1
止谣君	Zhu_WIcky	1	1
止谣君	鲤欧鱼也是鲤鱼	1	1
止谣君	没有人比我更懂去来之间	1	1
止谣君	吴路空_雷王计划	1	2
止谣君	你靠近时云下降了	1	1
止谣君	Four_Ze	1	1
止谣君	雪莉的发夹	1	1
止谣君	大神风_大发动肝已实装	1	1
止谣君	雾绡_	1	1
止谣君	bebopbot	1	2
止谣君	网文码字员吃鳌	1	1
止谣君	keysword_	1	1
止谣君	米笑爱生活	1	2
止谣君	柴可乎SUKI	1	1
止谣君	不法奶牛	1	2
止谣君	素华-怒求本命不补刀	1	1
止谣君	种花的兔	1	2
止谣君	哆啦椰子	1	1
止谣君	田胤齐之见	1	2
止谣君	Z君今天不开心	1	1
止谣君	黄昏小丑	1	2
止谣君	用户7722711818	1	1
止谣君	钢铁与烈火	1	1
止谣君	皮皮虾味条	1	1
止谣君	乌苏wusuli	1	2
止谣君	依然寻找四叶草809	1	1
止谣君	再炸我号的臭坶零四千加	1	1
止谣君	老李谈兵	1	2
止谣君	灰灰鸡	1	2
止谣君	superview	1	1
止谣君	人类灯塔大米国	1	1
止谣君	不安于现状的毛兔子	1	2
911苏州新闻广播	911苏州新闻广播	3	3
Jokielicious	致以光辉的人	2	1
Jokielicious	千夜梦语	2	1
Jokielicious	发哈哈前辈	2	1
Jokielicious	bugishi	2	1
Jokielicious	roro-yang	2	1
Jokielicious	改名字真的真的好麻烦	2	1
Jokielicious	上杉绘梨艺	2	1
Jokielicious	和果子_Haruka	2	1
Jokielicious	SEKIROofWallStreet	2	1
Jokielicious	群青漫	2	2
Jokielicious	jia有两台碎钞机	2	1
Jokielicious	乌波尔斯基	2	1
Jokielicious	透明的霞光	2	1
Jokielicious	春天里的静子	2	1
Jokielicious	我有一只小咩咩我从来也不骑	2	2
Jokielicious	麓音沉景	2	1
Jokielicious	四处溜达的大风	2	1
Jokielicious	H气象万千H	2	1
Jokielicious	阿阿阿阿泽呀k	2	1
Jokielicious	果与贼	2	1
Jokielicious	卧虎老老	2	2
Jokielicious	不善捉人朴正熙	2	1
Jokielicious	暖暖的军大衣moon	2	1
Jokielicious	渡我妄想	2	1
Jokielicious	梦见我会飞了	2	2
Jokielicious	Zenobruto	2	2
Jokielicious	咬一口梅肉肉	2	2
Jokielicious	薄饼芥末	2	1
Jokielicious	辞小k	2	1
Jokielicious	第0023号果酱	2	1
Jokielicious	小虎吉	2	1
Jokielicious	愚者的TARDIS	2	2
Jokielicious	一草一树一花	2	1
Jokielicious	吃狗粮的波斯猫	2	1
Jokielicious	言者兔	2	1
Jokielicious	Jokielicious	2	2
Jokielicious	波波阿三头	2	2
Jokielicious	沙砾珠珠	2	1
Jokielicious	实事求是有那么难吗	2	1
Jokielicious	野心家锡箔扣	2	2
Jokielicious	cHEtifAmia	2	1
Jokielicious	达卡克莱恩	2	1
Jokielicious	期待一切好起来的猫	2	2
H气象万千H	林步里	1	2
梦见我会飞了	地瓜熊老六	2	2
Zenobruto	极客红石	2	2
Kunosarges	If_it_bothers_you	1	2
Kunosarges	将小米辣倒入清汤锅底	1	1
Kunosarges	Minstrelsy大梦平生	1	1
Kunosarges	勹没有丶	1	1
_____张氏情歌	_____张氏情歌	1	1
jurisdoctor	林步里	1	2
jurisdoctor	美东侨报	1	3
至真斋主	地瓜熊老六	2	2
鹰ying站在山顶远眺	美国医级资源_Sonmore	1	2
EOE绝无回旋余地	地瓜熊老六	1	2
中国新闻网	陕西龙V587	3	2
中国新闻网	J丹妮	3	2
中国新闻网	云舟亦慕颜轻冰糖	3	1
中国新闻网	阳谷县疾病预防控制中心	3	3
中国新闻网	拉祜澜沧	3	1
中国新闻网	Lumina68	3	1
中国新闻网	小白兔乖乖199204	3	1
中国新闻网	掌中谈笑	3	1
中国新闻网	黄归去来	3	2
中国新闻网	香港自由行加加	3	2
中国新闻网	张瀞予鱼儿	3	2
中国新闻网	是湘阳子	3	1
中国新闻网	诺宝儿洋	3	2
中国新闻网	雨晴_天空	3	2
中国新闻网	濯濯清流	3	1
中国新闻网	RealMadrid	3	2
中国新闻网	随遇而安的追求	3	1
中国新闻网	小馕饼干	3	1
中国新闻网	六六-小六	3	1
中国新闻网	饼干是超级美少女	3	1
中国新闻网	A大的遊戲晉級了	3	2
中国新闻网	这里是阆中	3	2
中国日报网	用户7729420659	3	1
中国日报网	小小阮想吃成大大阮	3	2
中国日报网	阿荣旗复兴镇	3	3
中国日报网	用户7753827162	3	1
中国日报网	用户6100621583	3	1
中国日报网	shzcc888地盘	3	1
中国日报网	婷姐逐光而行	3	2
中国日报网	hyzhengjn	3	1
中国日报网	阙德耗子	3	1
中国日报网	慕烟阡眠	3	1
中国日报网	啊啊啊-凯爱人	3	2
中国日报网	用户7717955203	3	1
中国日报网	宇莹酱yukki	3	1
中国日报网	奇怪的猫6	3	1
中国日报网	belinda_tao	3	1
中国日报网	识好	3	1
中国日报网	fangcaoyiyil	3	1
中国日报网	用户7807553565	3	1
中国日报网	用户6501183352红宝石	3	1
中国日报网	荷塘月色下的碧竹	3	1
中国日报网	燕子千里为您传送健康	3	1
中国日报网	嘟嘴的小女生	3	1
中国日报网	Alive-zw	3	2
中国日报网	蔡久荣	3	2
中国日报网	用户7502805796	3	1
中国日报网	用户7408742949	3	1
中国日报网	蓝心6278793432	3	1
中国日报网	郑_xiao雪	3	1
中国日报网	双宝妈的小生活	3	1
中国日报网	杭州活动执行策划1	3	1
中国日报网	夏日琴陌	3	1
中国日报网	不禁云深	3	1
中国日报网	用户7632803165	3	1
中国日报网	真实地自己	3	2
中国日报网	Wendy1993时代	3	1
中国日报网	你好你好201806	3	1
中国日报网	用户6380775380	3	1
中国日报网	舞剧女孩	3	1
中国日报网	夏子夜865	3	1
中国日报网	zdd逗逗妈	3	1
中国日报网	飓风老阮	3	2
中国日报网	微电影大典李镇伊	3	1
中国日报网	青青园LIYUAN	3	2
中国日报网	群众杂志社	3	3
中国日报网	雨涵2361	3	1
中国日报网	浮世一菩提	3	1
中国日报网	文道生aa	3	2
中国日报网	手机用户2654970327	3	1
中国日报网	馨排	3	1
中国日报网	Superking杰	3	1
中国日报网	用户7200901205	3	1
中国日报网	Rickey純	3	2
中国日报网	疯子23982	3	1
中国日报网	余欢的梦瘾	3	1
中国日报网	睡57907	3	1
中国日报网	一之瀨太一	3	1
中国网新闻中心	张家界政法	3	3
云南政法	昆明西山政法	3	3
云南政法	会泽政法	3	3
云南政法	丽江政法	3	3
云南政法	安宁政法	3	3
云南政法	昆明市委政法委	3	3
云南政法	楚雄州政法	3	3
云南政法	昆明市中级人民法院	3	3
云南政法	普洱政法	3	3
云南政法	元谋政法	3	3
云南政法	平安曲靖	3	3
云南政法	临沧政法	3	3
云南政法	红河政法	3	3
云南政法	师宗政法	3	1
云南政法	弥渡政法	3	3
云南政法	玉溪政法	3	3
云南政法	沾益政法委	3	3
云南政法	西双版纳政法	3	3
云南政法	大理政法	3	3
会泽政法	平安曲靖	3	3
平安曲靖	沾益政法委	3	3
平安曲靖	师宗政法	3	1
光与热white	光与热white	1	1
内蒙古日报	活力乌兰察布	3	3
内蒙古日报	北方新报	3	3
内蒙古日报	内蒙古禁毒	3	3
内蒙古日报	海拉尔区人民法院	3	3
内蒙古长安网	牙克石市政法委	3	3
凤凰卫视美洲台	集花堂堂主	3	2
凤凰卫视美洲台	宋体金	3	2
凤凰卫视美洲台	perfectends	3	2
集花堂堂主	阿司匹林42195米	2	2
凤凰网视频	已经是活着的传奇了	3	2
凤凰网视频	Young丨	3	2
凤凰网视频	Que_Sera_Sera_Sera	3	2
凤凰网视频	Lonely_Veronica	3	1
凤凰网视频	幸运雨点妈妈	3	1
阿司匹林42195米	胡化立	2	2
阿司匹林42195米	-小铃铛叮叮当-	2	1
阿司匹林42195米	庄哈佛	2	2
阿司匹林42195米	BL-MPS3	2	2
阿司匹林42195米	roy-ljh	2	1
阿司匹林42195米	奔跑的烧卖	2	1
阿司匹林42195米	aJ171717	2	1
阿司匹林42195米	吉祥8643	2	2
阿司匹林42195米	pyramid__________	2	2
阿司匹林42195米	ECPSH	2	1
阿司匹林42195米	EnriqueYip	2	1
阿司匹林42195米	漫思茶my	2	1
阿司匹林42195米	flyfish1987	2	1
阿司匹林42195米	Ronica_psy	2	1
阿司匹林42195米	琳达2021	2	1
阿司匹林42195米	宋耗耗復活終了1640	2	2
阿司匹林42195米	虚挚光阴	2	1
阿司匹林42195米	bemyshrink	2	1
阿司匹林42195米	crilly	2	2
阿司匹林42195米	Iholdontothedistantstar	2	1
阿司匹林42195米	米兰陵少	2	2
阿司匹林42195米	松花酿酒四号机	2	1
阿司匹林42195米	事0770	2	1
阿司匹林42195米	鸡蛋培根芝麻汉堡	2	2
阿司匹林42195米	招财猫Sasa	2	2
阿司匹林42195米	Loran_落下	2	2
阿司匹林42195米	Nagaya-peppe	2	1
阿司匹林42195米	陈途abc	2	1
阿司匹林42195米	楚风沪雨	2	2
阿司匹林42195米	beierbeier123	2	1
阿司匹林42195米	烧瓶斯基Flasky	2	2
阿司匹林42195米	明天早点睡觉好么	2	2
阿司匹林42195米	哈雷天文	2	2
阿司匹林42195米	保洁工人杰西	2	1
阿司匹林42195米	子鱼2024	2	2
阿司匹林42195米	渐丰之	2	1
阿司匹林42195米	元气妇女哈哈哈	2	1
阿司匹林42195米	可以骂我偶像但是不能骂我	2	1
阿司匹林42195米	虎牙缺颗牙	2	1
阿司匹林42195米	玉米皮多多	2	1
阿司匹林42195米	喝着热水减肥	2	1
阿司匹林42195米	Crystal_咲笑	2	2
阿司匹林42195米	小龙人头上的犄角呢	2	2
阿司匹林42195米	明婧止水	2	2
阿司匹林42195米	郭俐雪只是一个网名	2	2
阿司匹林42195米	JoyinChoi莛	2	1
阿司匹林42195米	海儿大爷	2	2
阿司匹林42195米	pergola_di_fatto	2	1
阿司匹林42195米	春困秋乏夏打盹的乐师	2	1
阿司匹林42195米	水木丁	2	2
阿司匹林42195米	花果茶de下午	2	1
阿司匹林42195米	瑾尹匡	2	1
阿司匹林42195米	皮肤科刘依森	2	2
阿司匹林42195米	如坐舟中	2	2
阿司匹林42195米	爱爬树的zeta	2	2
阿司匹林42195米	和你在一起的日子都很耀眼	2	2
阿司匹林42195米	换个新名字刷微博喽	2	1
阿司匹林42195米	五四好好	2	1
阿司匹林42195米	ming-bamboo	2	2
阿司匹林42195米	大头尸胎	2	2
阿司匹林42195米	请喊我去学CPA	2	2
阿司匹林42195米	荒野之息史瑞克	2	2
阿司匹林42195米	九月shiyu	2	1
阿司匹林42195米	铁扇公主蔡文姬	2	1
阿司匹林42195米	若木若愚	2	2
阿司匹林42195米	冯二浩	2	2
阿司匹林42195米	兔唧唧二号机	2	1
阿司匹林42195米	西森S	2	2
阿司匹林42195米	在池边的人	2	1
阿司匹林42195米	米开朗基罗1988	2	2
阿司匹林42195米	渐觉春光好	2	1
阿司匹林42195米	雪来2010	2	1
阿司匹林42195米	独钓寒江水_	2	1
阿司匹林42195米	用户74390130185555	2	1
阿司匹林42195米	树梢上的大叔2	2	1
阿司匹林42195米	十月以秋	2	1
阿司匹林42195米	restless_heart_Sherine	2	1
阿司匹林42195米	福禄寿喜x_	2	1
阿司匹林42195米	一个动态类型的幽灵	2	1
阿司匹林42195米	被打扰的黄	2	1
阿司匹林42195米	七分年少	2	2
阿司匹林42195米	大猪蹄子真白	2	2
阿司匹林42195米	最后一束草莓松饼	2	1
阿司匹林42195米	榛至至记得深呼吸	2	1
阿司匹林42195米	藏宝89	2	1
阿司匹林42195米	宽带山上	2	1
阿司匹林42195米	木易王京	2	2
阿司匹林42195米	飞雪666888	2	1
阿司匹林42195米	南行行星	2	1
阿司匹林42195米	three3酱	2	1
阿司匹林42195米	蚁工厂	2	2
阿司匹林42195米	R_S_SUMMER	2	1
阿司匹林42195米	种南瓜的土拨拨王子	2	1
阿司匹林42195米	中山北路Mar	2	1
阿司匹林42195米	阳光橙与待待	2	1
阿司匹林42195米	那个夏天和你的我	2	1
阿司匹林42195米	阿司匹林42195米	2	2
阿司匹林42195米	生鱼忧患而咸鱼安乐	2	2
阿司匹林42195米	雷帅的妈咪	2	1
阿司匹林42195米	夜雨巴山云梦泽	2	1
阿司匹林42195米	让我轻轻抱起它	2	2
阿司匹林42195米	CitizenFa	2	2
阿司匹林42195米	shootsoft	2	1
阿司匹林42195米	思念89730	2	1
阿司匹林42195米	大茜丫头	2	1
阿司匹林42195米	IHitsQ	2	2
阿司匹林42195米	疯的一比	2	1
阿司匹林42195米	静默居家过百天-这福气给你要不	2	1
阿司匹林42195米	AnJ0id	2	1
阿司匹林42195米	西南宫门	2	1
阿司匹林42195米	drunk-cello22	2	1
阿司匹林42195米	山前的低语者	2	1
阿司匹林42195米	修身养性杰士邦	2	1
阿司匹林42195米	王白石是我啊	2	1
阿司匹林42195米	天籁长风	2	1
阿司匹林42195米	尤文_Nedved星	2	2
阿司匹林42195米	Candyyyy_demo	2	1
阿司匹林42195米	Aleph_	2	1
阿司匹林42195米	Howl的地盘	2	1
阿司匹林42195米	不瞎胡闹	2	1
阿司匹林42195米	餐风饮露没有钱	2	2
阿司匹林42195米	黄凡	2	2
阿司匹林42195米	皮冻与皮蛋	2	1
阿司匹林42195米	Ailimiking	2	1
阿司匹林42195米	牧野晓风	2	1
阿司匹林42195米	兰花草sx	2	1
阿司匹林42195米	丁叮小花	2	2
阿司匹林42195米	宇宙美味萝卜粥	2	1
阿司匹林42195米	Fant212	2	1
阿司匹林42195米	慢乐谈	2	1
阿司匹林42195米	石头7宝贝儿	2	1
阿司匹林42195米	汪汪汪啊啊汪汪汪	2	2
阿司匹林42195米	绿灯不立项不改名了	2	1
阿司匹林42195米	改不了昵称9	2	2
阿司匹林42195米	熊_风吹云散见虹霓	2	1
阿司匹林42195米	骑迦楼罗的visno	2	1
阿司匹林42195米	十三号凌晨	2	1
阿司匹林42195米	wastedtimes2019	2	1
阿司匹林42195米	N次的N次方	2	2
阿司匹林42195米	R_etake	2	2
阿司匹林42195米	寒江堆夏雪	2	1
阿司匹林42195米	赖弗	2	1
阿司匹林42195米	小蕾子A	2	1
阿司匹林42195米	LLKahn	2	2
阿司匹林42195米	士兵突击99	2	1
阿司匹林42195米	梳子Shuci	2	1
阿司匹林42195米	RockLxc	2	1
阿司匹林42195米	路西法之火	2	1
阿司匹林42195米	Amphetamine5	2	1
阿司匹林42195米	猪仔淇baby	2	2
阿司匹林42195米	道阻且盲	2	2
阿司匹林42195米	似水年华8la8la	2	1
阿司匹林42195米	alazycat99	2	2
阿司匹林42195米	一蟹不如一蟹	2	2
阿司匹林42195米	八妖三	2	1
阿司匹林42195米	核都社畜	2	2
阿司匹林42195米	古禾_Zen	2	1
阿司匹林42195米	_漂流木	2	1
阿司匹林42195米	串数	2	1
阿司匹林42195米	dibidu	2	1
阿司匹林42195米	5蔡小然	2	2
阿司匹林42195米	耒耜客家	2	1
阿司匹林42195米	LamiaT_T	2	1
阿司匹林42195米	neowong	2	2
阿司匹林42195米	非文ye	2	2
阿司匹林42195米	_辛裡	2	2
阿司匹林42195米	窝窝头与羊子	2	1
阿司匹林42195米	黄老湿_求RP	2	2
阿司匹林42195米	用户7742036652	2	1
阿司匹林42195米	千山未及此山高	2	1
阿司匹林42195米	十三号Seiko	2	1
阿司匹林42195米	紫台客	2	2
阿司匹林42195米	始于2015年07月07日	2	2
阿司匹林42195米	可可乐乐08376	2	1
阿司匹林42195米	夏天爱好者戴小孜儿	2	2
阿司匹林42195米	急速乐章V2	2	1
阿司匹林42195米	Houko_Jenny	2	2
阿司匹林42195米	嘻嚒哈	2	2
阿司匹林42195米	你太让爸爸失望了	2	1
阿司匹林42195米	Bailey_Www	2	2
阿司匹林42195米	蚊子和续子	2	1
阿司匹林42195米	南京五心投体	2	1
阿司匹林42195米	beifeng888	2	1
阿司匹林42195米	R_然然_R	2	2
阿司匹林42195米	山东临清狮子猫猫	2	2
阿司匹林42195米	蓓蓓的记录	2	2
阿司匹林42195米	苏菲蜜意	2	1
阿司匹林42195米	NgaiKeibo	2	2
阿司匹林42195米	我不是谦哥儿	2	2
阿司匹林42195米	高晗孚的姥姥	2	1
阿司匹林42195米	消瘦的脂肪	2	2
阿司匹林42195米	夹出PTSD的绵	2	1
阿司匹林42195米	敲木鱼人cmyr	2	1
阿司匹林42195米	温柔是一种修行	2	1
阿司匹林42195米	DrVII_Eleven	2	1
阿司匹林42195米	三顺爱吃水果	2	1
阿司匹林42195米	Hibo小姐的哈啦先生	2	1
阿司匹林42195米	花生会武术谁也挡不住巴扎嘿	2	2
阿司匹林42195米	媛媛是痣多星	2	1
阿司匹林42195米	乙女呀	2	1
阿司匹林42195米	-可爱又迷人的反面角色	2	1
阿司匹林42195米	tortoiseLin	2	1
阿司匹林42195米	奥托和他的小狗	2	1
阿司匹林42195米	常盤一丁目	2	1
阿司匹林42195米	33夏末33	2	1
阿司匹林42195米	花火_HANAHANA	2	2
阿司匹林42195米	我就是豆豆王	2	1
阿司匹林42195米	黑斯廷斯	2	1
阿司匹林42195米	小萌小可的麻麻	2	1
阿司匹林42195米	莫小贝1982大小姐	2	1
阿司匹林42195米	Tomoya_風	2	2
阿司匹林42195米	5是一朵牛奶	2	1
阿司匹林42195米	随便吃吃糖_	2	1
阿司匹林42195米	張熙熙_Color	2	1
阿司匹林42195米	布袋和尚空间	2	1
阿司匹林42195米	gyc冲冲	2	1
阿司匹林42195米	小万摸鱼日记	2	2
阿司匹林42195米	万里缉私湾	2	1
阿司匹林42195米	苏八兔	2	1
阿司匹林42195米	宝贝是喵喵的	2	1
阿司匹林42195米	揪迹栋戾	2	1
阿司匹林42195米	老靳	2	2
阿司匹林42195米	追梦大侠一只龙	2	1
阿司匹林42195米	Azuriaye	2	1
阿司匹林42195米	Hegelzeit	2	1
阿司匹林42195米	dylanfan_ustc	2	1
阿司匹林42195米	红黑色的兔斯基仙森	2	2
阿司匹林42195米	直直女孩	2	1
阿司匹林42195米	空调君药不能停学术不能停	2	1
阿司匹林42195米	黄蓝Rui	2	1
阿司匹林42195米	平心而论SPACE	2	1
阿司匹林42195米	江湖布衣666	2	1
阿司匹林42195米	美美_camry	2	2
阿司匹林42195米	易清	2	1
阿司匹林42195米	MISS_E_M	2	1
阿司匹林42195米	Angie井_井	2	1
阿司匹林42195米	RD_我潜狙打钱	2	1
阿司匹林42195米	gzyiting	2	1
阿司匹林42195米	Programmer222	2	1
阿司匹林42195米	洗心島_	2	2
阿司匹林42195米	渋鷉亗	2	2
阿司匹林42195米	kate050	2	1
阿司匹林42195米	关山飞渡2020	2	1
阿司匹林42195米	凸-凸曼	2	1
阿司匹林42195米	ibdwilliamzhao	2	1
阿司匹林42195米	闲置_胖子	2	1
阿司匹林42195米	genjimomo	2	1
阿司匹林42195米	我心似蓝空	2	1
阿司匹林42195米	昂临油	2	1
阿司匹林42195米	黑胖管道工	2	2
阿司匹林42195米	阿君给爹攒退休钱	2	2
阿司匹林42195米	丝之鸽今天出了吗	2	1
阿司匹林42195米	甘道夫_北京	2	1
阿司匹林42195米	weapon_thucs	2	1
阿司匹林42195米	老蛮_	2	1
阿司匹林42195米	小猫阿七	2	1
阿司匹林42195米	稚可菽	2	2
阿司匹林42195米	mengbin1986	2	1
阿司匹林42195米	海岛猫鼬_	2	2
阿司匹林42195米	iWod-rendy	2	2
阿司匹林42195米	陳彦cy	2	2
阿司匹林42195米	云在风巅2011	2	1
阿司匹林42195米	Hinson彦子	2	1
阿司匹林42195米	自默数日	2	2
阿司匹林42195米	胖兰达	2	2
阿司匹林42195米	正版杜若-动如参与商	2	1
阿司匹林42195米	jasminedinrainy	2	1
阿司匹林42195米	丽花要积聚好多好多正能量	2	2
阿司匹林42195米	游成海_没有嘴的吃豆人	2	2
阿司匹林42195米	19960902TJU	2	2
阿司匹林42195米	王屁狗v	2	2
阿司匹林42195米	吴晴721	2	1
阿司匹林42195米	嘘灵渥于青云	2	1
阿司匹林42195米	素素非	2	1
阿司匹林42195米	午夜我将来找你	2	1
阿司匹林42195米	SDOL芝麻	2	1
阿司匹林42195米	静小此	2	2
阿司匹林42195米	LydiaDavid	2	1
阿司匹林42195米	jacob小疯	2	1
阿司匹林42195米	闲-白-直	2	1
阿司匹林42195米	骏城俊哥	2	2
阿司匹林42195米	平常心-00-	2	1
阿司匹林42195米	鞑子香	2	1
阿司匹林42195米	想看霉霉的演唱会_	2	1
阿司匹林42195米	SupremeMac	2	2
阿司匹林42195米	飞烟子22	2	1
阿司匹林42195米	wen_xingxiang	2	1
阿司匹林42195米	扣泥奇蛙sin	2	1
阿司匹林42195米	皇甫斯基	2	1
阿司匹林42195米	crossrainbow_29647	2	1
阿司匹林42195米	Paradise·CY·	2	2
阿司匹林42195米	英定文	2	2
阿司匹林42195米	刀枪不入王小花	2	1
阿司匹林42195米	湿太腿摔了在养伤动不了_kin	2	2
阿司匹林42195米	认真的蓝祎	2	1
阿司匹林42195米	miso狂想曲	2	1
阿司匹林42195米	盐博之地	2	1
阿司匹林42195米	肥兔重生	2	1
阿司匹林42195米	dev1ceeee	2	1
阿司匹林42195米	1只果粉	2	1
阿司匹林42195米	南粤EE	2	1
阿司匹林42195米	茉莉是我的猫啊	2	1
阿司匹林42195米	YiBaoAC	2	2
阿司匹林42195米	烹小仙儿	2	1
阿司匹林42195米	focout	2	1
阿司匹林42195米	李池池_NoScore	2	1
阿司匹林42195米	蜘蛛猴面包	2	2
阿司匹林42195米	jungle_eyes	2	1
阿司匹林42195米	白话心情	2	1
阿司匹林42195米	IdEaList-NL	2	2
阿司匹林42195米	成为自己喜欢的样子吧	2	1
阿司匹林42195米	孤独小懒熊oxo	2	2
阿司匹林42195米	Kwofly	2	2
阿司匹林42195米	懒惰的骑行者	2	1
阿司匹林42195米	换个不会被认出的昵称	2	1
阿司匹林42195米	Glanceses	2	1
阿司匹林42195米	桐花万万里丹山路	2	1
阿司匹林42195米	sbCOOLLSAND	2	1
阿司匹林42195米	dyuq228	2	1
阿司匹林42195米	讴歌烂漫	2	1
阿司匹林42195米	枫落江	2	1
阿司匹林42195米	寻找桃花岛	2	2
阿司匹林42195米	qiqi地麻麻	2	2
阿司匹林42195米	用户6776751245	2	1
阿司匹林42195米	用户1089001757	2	1
阿司匹林42195米	本秃头今年要毕业	2	1
阿司匹林42195米	刘怡雯99	2	1
阿司匹林42195米	用户7366859371	2	1
阿司匹林42195米	wateraseaocean	2	1
阿司匹林42195米	向东独奏_841	2	1
阿司匹林42195米	昵称继续用彡点	2	1
阿司匹林42195米	晓不晓得了	2	1
阿司匹林42195米	tra----velfree	2	2
阿司匹林42195米	巴厘岛地接Alicia_自由行定制	2	1
阿司匹林42195米	幸运的堡堡气色好	2	1
阿司匹林42195米	樱桃味儿的软糖	2	1
阿司匹林42195米	Jaina欣	2	1
阿司匹林42195米	谢菲-sophia	2	2
阿司匹林42195米	归田园居	2	1
北京昌平	凯蒂布莉儿	3	1
十堰交警	-平安-武当交警	3	3
周至法院	牡丹江阳明区法院	3	3
周至法院	秦岭北麓检察	3	3
秦岭北麓检察	开阳县检察院	3	3
秦岭北麓检察	陕西检察	3	3
咸阳日报	渭城区融媒体中心	3	3
嘉善老顾	嘉善老顾	2	2
嘉善老顾	三井茶浓	2	2
四川交警	南部县交警大队	3	3
四川交警	安州交警	3	3
四川交警	恩阳110	3	3
国是直通车	利弗2024	3	1
国是直通车	海森堡的兔	3	1
国是直通车	朗特纳克	3	1
国是直通车	V治愈微笑	3	1
国是直通车	小菲她三姐	3	2
国是直通车	人云亦耘张春耘	3	2
国是直通车	小演员陈小苒	3	1
国是直通车	黄者瑕古biu	3	1
国是直通车	决定住在汉庭酒店1988	3	1
国是直通车	Pease橙	3	1
地瓜熊老六	徐雨1972	2	1
地瓜熊老六	cdxj519	2	1
地瓜熊老六	外号SuperWang	2	1
地瓜熊老六	地瓜熊老六	2	2
地瓜熊老六	华仔孑然	2	1
地瓜熊老六	陛下饿了没	2	2
地瓜熊老六	翼21	2	2
地瓜熊老六	花果茶de下午	2	1
地瓜熊老六	CIAO-TA	2	1
地瓜熊老六	铃铛阿姨	2	2
地瓜熊老六	SEVEN厦门摄影师	2	2
地瓜熊老六	-必·和光同尘-	2	2
大河报	看沁阳	3	3
冬日暖阳86323	马宝琳谈房颤	1	2
冰山来客的围脖	林步里	1	2
宁夏新闻网	永宁文化	3	3
宋汝界律师	宋汝界律师	2	2
宋汝界律师	刘裔柒	2	1
小羊羊姑姑晨阳	小羊羊姑姑晨阳	1	1
小雨姐姐讲故事	小雨姐姐讲故事	2	2
尹克伦观天下	w污泥红莲	2	1
尹克伦观天下	尹克伦观天下	2	2
山西共青团	吕梁中院	3	3
岳阳市中级人民法院	阿拉善政法	3	3
阿拉善政法	长治政法	3	3
平安商丘	永城冯鹤群	3	1
平安商丘	商丘高速公安	3	3
平安温州	文成公安	3	3
平安温州	平安龙港	3	3
广东反邪教	CY无邪	3	3
广州检察	黄埔检察	3	3
广西反邪教	贺州反邪	3	3
广西反邪教	城中清风起	3	1
延长检察	南说灬	3	1
陕西汉书下酒	naomi77168	3	1
陕西汉书下酒	马宝琳谈房颤	3	2
阿嘞	马宝琳谈房颤	1	2
想着天妃宫	想着天妃宫	2	2
独好九州	观察者网	2	3
成都水务	济宁高新	3	3
济宁高新	陕西消防	3	3
林步里	睡眠不足的树袋熊	2	1
林步里	晚风中的小麦	2	1
林步里	刚好就好patrickwong1982	2	1
林步里	心内有微光	2	1
林步里	穿越的冰红茶	2	2
林步里	老狼曰	2	2
林步里	九命貓_ZHI	2	2
林步里	薄荷糖冰绿茶	2	1
林步里	哎呦呵哎呦喂哎呦嚯	2	1
林步里	李伐西	2	1
方脑壳邓铂鋆	DerVierteNeue撸舔立	2	1
方脑壳邓铂鋆	我要看秋后算账	2	1
日照网	靠海的城市	3	1
昆明警方发布	云南曲靖交警	3	3
昆明警方发布	平安富民	3	3
李塘-生态无添加食品	李塘-生态无添加食品	1	1
极客红石	五行属懒喜金	2	1
极客红石	爱看车的人	2	2
桂哥猎手VIP777	桂哥猎手VIP777	2	2
楼市政国策	楼市政国策	2	2
每日经济新闻	阳光喜欢绽放	3	2
法润成华	月亮开船	3	1
测评小铺	羊羊懒非懒羊羊	2	1
深圳第一想养狗人士	坏美女美羊羊爱包包	1	1
深圳第一想养狗人士	星空落心上	1	1
马宝琳谈房颤	保佑我幸福安康	2	1
马宝琳谈房颤	等风的旗舰店	2	1
马宝琳谈房颤	林未央2012	2	1
马宝琳谈房颤	bujidaonijiubiesuohua	2	1
马宝琳谈房颤	beierbeier123	2	1
马宝琳谈房颤	锦铭108	2	2
马宝琳谈房颤	桔梗店老板的小女儿	2	1
马宝琳谈房颤	莫失莫忘唯吾本心	2	1
马宝琳谈房颤	风儿清云儿淡J	2	2
马宝琳谈房颤	王暖暖小暖	2	1
马宝琳谈房颤	白牛人家	2	1
马宝琳谈房颤	love蓝色花海	2	1
马宝琳谈房颤	做人知行合一	2	1
马宝琳谈房颤	朵拉-166	2	1
马宝琳谈房颤	时间的复利790711	2	1
马宝琳谈房颤	用户7369752031	2	1
马宝琳谈房颤	马峦山前	2	2
马宝琳谈房颤	听从内心rainy	2	1
马宝琳谈房颤	周公府	2	1
马宝琳谈房颤	元气满满羊	2	1
马宝琳谈房颤	茗321	2	1
马宝琳谈房颤	丁火戊土6	2	1
马宝琳谈房颤	welcometomorrow	2	1
马宝琳谈房颤	Bingbing1010	2	1
马宝琳谈房颤	GLZ是你	2	1
马宝琳谈房颤	调调茶楼	2	1
马宝琳谈房颤	catcatfafa	2	1
马宝琳谈房颤	晨熙1918	2	1
马宝琳谈房颤	OJmeio	2	1
马宝琳谈房颤	樱桃_38041	2	1
马宝琳谈房颤	枕头and被子	2	1
马宝琳谈房颤	Doctor谢耳朵	2	1
马宝琳谈房颤	胡杨梦秋	2	1
马宝琳谈房颤	云卷云舒9169_70341	2	1
马宝琳谈房颤	o荆棘鸟o	2	1
马宝琳谈房颤	鲁燕笙	2	2
马宝琳谈房颤	小桔子-orange	2	1
马宝琳谈房颤	仲夏夜幸运星	2	1
马宝琳谈房颤	用户6335326307	2	1
马宝琳谈房颤	BearWinnie	2	1
马宝琳谈房颤	用户5625978461	2	1
马宝琳谈房颤	焦糖默默_czy	2	1
马宝琳谈房颤	若飞若立若无其事	2	1
马宝琳谈房颤	Fiona8621	2	1
马宝琳谈房颤	cindy7111	2	1
马宝琳谈房颤	浪漫一身43	2	1
马宝琳谈房颤	大头宝S	2	1
马宝琳谈房颤	蒙古人不在蒙古	2	1
马宝琳谈房颤	羊羊的保姆	2	1
马宝琳谈房颤	勇敢的SuperMommy	2	2
马宝琳谈房颤	深圳市卓贝科技有限公司byo	2	1
马宝琳谈房颤	一位渔	2	1
马宝琳谈房颤	励志成为富婆的Lady	2	1
马宝琳谈房颤	阿莹0920	2	1
马宝琳谈房颤	二不等于耶	2	1
马宝琳谈房颤	卿欣不倾心	2	1
马宝琳谈房颤	hansonboo	2	1
马宝琳谈房颤	馨馨小愿	2	1
马宝琳谈房颤	静贤芳香美学	2	2
马宝琳谈房颤	小佳佳1922	2	1
马宝琳谈房颤	芙妍丽	2	2
马宝琳谈房颤	L秋子feel	2	1
马宝琳谈房颤	最近怎么这么喜欢吃	2	1
马宝琳谈房颤	盛夏归去浅秋来17506	2	1
马宝琳谈房颤	love枕霞旧友	2	1
马宝琳谈房颤	小象瓶瓶	2	2
马宝琳谈房颤	lilyar佳汇欣	2	1
马宝琳谈房颤	山现的新号_941	2	1
马宝琳谈房颤	闺蜜阿珂	2	1
马宝琳谈房颤	Cc哈喽沃德	2	1
马宝琳谈房颤	霏霏子的everyday	2	1
马宝琳谈房颤	XLya6688	2	1
马宝琳谈房颤	Lavenir__	2	1
马宝琳谈房颤	米粒___平安	2	1
马宝琳谈房颤	巴厘岛175号	2	2
马宝琳谈房颤	用户6982087429	2	1
马宝琳谈房颤	胡辣汤a	2	1
马宝琳谈房颤	啊李大美丽啊	2	1
马宝琳谈房颤	淘淘阳光下的水晶球	2	1
马宝琳谈房颤	十杨九刀	2	1
马宝琳谈房颤	独处的祚林	2	1
马宝琳谈房颤	冰淸雨	2	1
马宝琳谈房颤	懒猫56016	2	1
马宝琳谈房颤	追梦者珺	2	1
马宝琳谈房颤	用户7748399380	2	1
马宝琳谈房颤	米糊囡囡	2	1
马宝琳谈房颤	阳光透过一抹	2	1
马宝琳谈房颤	空持百千偈_不如吃茶去	2	1
马宝琳谈房颤	Luuuuuyyyyyz	2	1
马宝琳谈房颤	牛小琳在途中	2	2
马宝琳谈房颤	馨香一缕	2	1
马宝琳谈房颤	胖兔子Jeremy	2	1
马宝琳谈房颤	A玮Sunny	2	1
马宝琳谈房颤	浪漫些许潦草sunny	2	1
马宝琳谈房颤	用户7737430829	2	1
马宝琳谈房颤	小酌清茶一杯	2	1
马宝琳谈房颤	ISISImIm	2	1
马宝琳谈房颤	花开自在啦啦啦	2	1
马宝琳谈房颤	用户6013409932	2	1
马宝琳谈房颤	最爱少女伊	2	2
马宝琳谈房颤	绿松石果果	2	1
马宝琳谈房颤	圆仔小能猫	2	1
马宝琳谈房颤	我们的海角红楼	2	1
马宝琳谈房颤	Virgo谁的的鸡蛋姑娘	2	1
马宝琳谈房颤	静静地呼吸3552690433	2	1
马宝琳谈房颤	自由天使13	2	1
马宝琳谈房颤	用户7815323103	2	1
猫猫阿姨的食堂	猫猫阿姨的食堂	2	2
环翠发布	今日竹岛	3	3
琉璃苣-呼市	李学飞010	2	1
甘肃共青团	共青团武威市委	3	3
甘肃共青团	庆阳共青团qygqt	3	3
番禺检察	富民县文化旅游	3	3
白河团县委	青年之友v无为	3	1
绥阳检察院	周国礼3	3	1
美国医级资源_Sonmore	半夏到秋凉	2	2
美国医级资源_Sonmore	美国医级资源_Sonmore	2	2
美国医级资源_Sonmore	愿心中所想皆能如愿	2	1
胡化立	圆的良品	2	1
药子陌	环宇青春	2	2
药子陌	大G还有搞	2	1
药师驾到助健康	药师驾到助健康	2	2
观察者网	泖港视界	3	3
观察者网	2523956052_767	3	1
观察者网	土豆牛肉高粱	3	2
观察者网	tony日异图	3	1
观察者网	中国第一五毛	3	2
观察者网	丸子的水没满2	3	1
视知TV	小羊-CarryOn	2	2
视知TV	Amamiya_Lyra_心弦	2	1
视知TV	寒雨夜来	2	1
还是你们的瓜总呀	还是你们的瓜总呀	1	1
金州检察	织金检察	3	3
阿bou	阿bou	2	2
陇南徽县信访	徽县招商引资局	3	3
陇南身边事	oo小师妹oo	3	2
陕西检察	佛坪县检察院	3	3
陕西检察	商南检察	3	3
陕西检察	蓝田检察	3	3
陕西检察	金台检察	3	3
陕西检察	商洛商州检察	3	3
陕西检察	榆林检察	3	3
陕西检察	莲湖检察	3	3
陕西检察	商洛检察	3	3
陕西检察	印台检察	3	3
陕西检察	南郑检察微博	3	3
陕西检察	凤翔检察	3	3
陕西检察	宁强检察	3	3
陕西检察	旬邑检察	3	3
陕西检察	汉中市检察院	3	3
陕西检察	秦岭南麓检察	3	3
陕西检察	王益检察	3	3
陕西检察	留坝检察院	3	3
陕西检察	陕西铁检	3	3
陕西检察	JC洛南检察	3	3
陕西检察	礼泉检察	3	3
陕西检察	太白检察	3	3
陕西检察	秦都检察	3	3
陕西检察	扶风检察	3	3
陕西检察	宝鸡检察	3	3
陕西检察	西乡县检察院	3	3
陕西检察	咸阳检察	3	3
陕西检察	榆阳检察	3	3
陕西检察	三原检察	3	3
陕西检察	略阳检察	3	3
陕西检察	洋县检察院	3	3
陕西检察	城固检察	3	3
陕西消防	西咸新区秦汉新城	3	3
青岛发布	青岛交通	3	3
青岛发布	青岛西海岸新闻网	3	3
青岛发布	莱州发布	3	3
青木在德国	英之cai	3	2
青木在德国	韶华须早为	3	1
